police_force,month,total_accidents,severity_index,fatal_count,serious_count,slight_count,severity_index_per_1000
Avon and Somerset,2023-01,206,282,2,29,175,1368.93
Avon and Somerset,2023-02,179,243,2,23,154,1357.54
Avon and Somerset,2023-03,181,270,5,22,154,1491.71
Avon and Somerset,2023-04,146,242,6,21,119,1657.53
Avon and Somerset,2023-05,194,305,5,33,156,1572.16
Avon and Somerset,2023-06,220,311,3,32,185,1413.64
Avon and Somerset,2023-07,191,275,2,33,156,1439.79
Avon and Somerset,2023-08,188,272,4,24,160,1446.81
Avon and Somerset,2023-09,215,308,3,33,179,1432.56
Avon and Somerset,2023-10,186,263,3,25,158,1413.98
Avon and Somerset,2023-11,197,300,3,38,156,1522.84
Avon and Somerset,2023-12,178,258,2,31,145,1449.44
Bedfordshire,2023-01,124,166,0,21,103,1338.71
Bedfordshire,2023-02,102,140,0,19,83,1372.55
Bedfordshire,2023-03,105,151,2,14,89,1438.1
Bedfordshire,2023-04,93,115,0,11,82,1236.56
Bedfordshire,2023-05,112,172,2,21,89,1535.71
Bedfordshire,2023-06,120,196,2,29,89,1633.33
Bedfordshire,2023-07,101,167,2,24,75,1653.47
Bedfordshire,2023-08,103,170,1,29,73,1650.49
Bedfordshire,2023-09,100,159,1,25,74,1590.0
Bedfordshire,2023-10,113,141,0,14,99,1247.79
Bedfordshire,2023-11,119,182,1,27,91,1529.41
Bedfordshire,2023-12,105,161,2,19,84,1533.33
Cambridgeshire,2023-01,124,189,1,28,95,1524.19
Cambridgeshire,2023-02,116,187,3,22,91,1612.07
Cambridgeshire,2023-03,115,180,1,28,86,1565.22
Cambridgeshire,2023-04,98,173,3,24,71,1765.31
Cambridgeshire,2023-05,113,185,2,27,84,1637.17
Cambridgeshire,2023-06,151,214,1,27,123,1417.22
Cambridgeshire,2023-07,125,211,2,34,89,1688.0
Cambridgeshire,2023-08,127,218,3,32,92,1716.54
Cambridgeshire,2023-09,140,216,0,38,102,1542.86
Cambridgeshire,2023-10,147,240,1,42,104,1632.65
Cambridgeshire,2023-11,157,274,5,36,116,1745.22
Cambridgeshire,2023-12,105,143,0,19,86,1361.9
Cheshire,2023-01,110,156,2,14,94,1418.18
Cheshire,2023-02,121,171,0,25,96,1413.22
Cheshire,2023-03,114,173,3,16,95,1517.54
Cheshire,2023-04,126,199,3,23,100,1579.37
Cheshire,2023-05,144,207,1,27,116,1437.5
Cheshire,2023-06,141,203,0,31,110,1439.72
Cheshire,2023-07,147,211,0,32,115,1435.37
Cheshire,2023-08,112,169,3,15,94,1508.93
Cheshire,2023-09,131,210,3,26,102,1603.05
Cheshire,2023-10,141,197,0,28,113,1397.16
Cheshire,2023-11,118,208,4,27,87,1762.71
Cheshire,2023-12,128,195,3,20,105,1523.44
City of London,2023-01,7,11,0,2,5,1571.43
City of London,2023-02,12,20,0,4,8,1666.67
City of London,2023-03,21,35,0,7,14,1666.67
City of London,2023-04,23,35,0,6,17,1521.74
City of London,2023-05,9,15,0,3,6,1666.67
City of London,2023-06,14,20,0,3,11,1428.57
City of London,2023-07,14,18,0,2,12,1285.71
City of London,2023-08,17,29,0,6,11,1705.88
City of London,2023-09,16,22,0,3,13,1375.0
City of London,2023-10,19,23,0,2,17,1210.53
City of London,2023-11,11,15,0,2,9,1363.64
City of London,2023-12,11,19,0,4,7,1727.27
Cleveland,2023-01,70,97,1,9,60,1385.71
Cleveland,2023-02,39,51,0,6,33,1307.69
Cleveland,2023-03,57,94,1,14,42,1649.12
Cleveland,2023-04,46,66,0,10,36,1434.78
Cleveland,2023-05,44,72,0,14,30,1636.36
Cleveland,2023-06,55,101,2,14,39,1836.36
Cleveland,2023-07,59,115,2,19,38,1949.15
Cleveland,2023-08,46,68,0,11,35,1478.26
Cleveland,2023-09,50,80,0,15,35,1600.0
Cleveland,2023-10,53,73,0,10,43,1377.36
Cleveland,2023-11,51,104,3,13,35,2039.22
Cleveland,2023-12,37,51,0,7,30,1378.38
Cumbria,2023-01,67,140,3,23,41,2089.55
Cumbria,2023-02,57,110,3,13,41,1929.82
Cumbria,2023-03,56,86,0,15,41,1535.71
Cumbria,2023-04,83,145,2,22,59,1746.99
Cumbria,2023-05,74,130,2,19,53,1756.76
Cumbria,2023-06,90,163,1,32,57,1811.11
Cumbria,2023-07,67,139,2,27,38,2074.63
Cumbria,2023-08,93,154,1,26,66,1655.91
Cumbria,2023-09,72,124,2,17,53,1722.22
Cumbria,2023-10,56,104,2,15,39,1857.14
Cumbria,2023-11,72,125,1,22,49,1736.11
Cumbria,2023-12,76,152,4,20,52,2000.0
Derbyshire,2023-01,158,220,2,22,134,1392.41
Derbyshire,2023-02,151,214,1,27,123,1417.22
Derbyshire,2023-03,142,238,2,39,101,1676.06
Derbyshire,2023-04,132,226,4,29,99,1712.12
Derbyshire,2023-05,139,226,1,39,99,1625.9
Derbyshire,2023-06,172,277,3,39,130,1610.47
Derbyshire,2023-07,158,275,3,45,110,1740.51
Derbyshire,2023-08,139,245,2,44,93,1762.59
Derbyshire,2023-09,143,239,2,39,102,1671.33
Derbyshire,2023-10,132,193,1,26,105,1462.12
Derbyshire,2023-11,160,295,7,36,117,1843.75
Derbyshire,2023-12,140,216,2,29,109,1542.86
Devon and Cornwall,2023-01,236,361,3,49,184,1529.66
Devon and Cornwall,2023-02,204,321,5,36,163,1573.53
Devon and Cornwall,2023-03,203,304,1,46,156,1497.54
Devon and Cornwall,2023-04,212,387,7,56,149,1825.47
Devon and Cornwall,2023-05,253,401,2,65,186,1584.98
Devon and Cornwall,2023-06,256,445,7,63,186,1738.28
Devon and Cornwall,2023-07,270,447,7,57,206,1655.56
Devon and Cornwall,2023-08,268,410,2,62,204,1529.85
Devon and Cornwall,2023-09,248,401,3,63,182,1616.94
Devon and Cornwall,2023-10,221,357,4,50,167,1615.38
Devon and Cornwall,2023-11,217,329,2,47,168,1516.13
Devon and Cornwall,2023-12,218,343,3,49,166,1573.39
Dorset,2023-01,113,167,2,18,93,1477.88
Dorset,2023-02,95,162,3,20,72,1705.26
Dorset,2023-03,86,114,0,14,72,1325.58
Dorset,2023-04,100,153,1,22,77,1530.0
Dorset,2023-05,133,198,1,28,104,1488.72
Dorset,2023-06,116,170,2,18,96,1465.52
Dorset,2023-07,145,211,0,33,112,1455.17
Dorset,2023-08,117,174,1,24,92,1487.18
Dorset,2023-09,125,189,2,23,100,1512.0
Dorset,2023-10,124,175,1,21,102,1411.29
Dorset,2023-11,114,151,1,14,99,1324.56
Dorset,2023-12,119,174,1,23,95,1462.18
Durham,2023-01,56,101,3,9,44,1803.57
Durham,2023-02,48,86,2,10,36,1791.67
Durham,2023-03,45,93,2,15,28,2066.67
Durham,2023-04,40,73,1,12,27,1825.0
Durham,2023-05,46,101,1,23,22,2195.65
Durham,2023-06,47,94,1,19,27,2000.0
Durham,2023-07,41,83,2,12,27,2024.39
Durham,2023-08,43,88,1,18,24,2046.51
Durham,2023-09,47,114,3,20,24,2425.53
Durham,2023-10,38,69,1,11,26,1815.79
Durham,2023-11,62,122,2,21,39,1967.74
Durham,2023-12,58,143,5,20,33,2465.52
Dyfed-Powys,2023-01,80,141,1,26,53,1762.5
Dyfed-Powys,2023-02,63,93,0,15,48,1476.19
Dyfed-Powys,2023-03,63,95,0,16,47,1507.94
Dyfed-Powys,2023-04,77,112,1,13,63,1454.55
Dyfed-Powys,2023-05,97,188,1,41,55,1938.14
Dyfed-Powys,2023-06,91,191,2,41,48,2098.9
Dyfed-Powys,2023-07,101,210,1,50,50,2079.21
Dyfed-Powys,2023-08,103,208,3,39,61,2019.42
Dyfed-Powys,2023-09,92,194,4,33,55,2108.7
Dyfed-Powys,2023-10,93,179,2,34,57,1924.73
Dyfed-Powys,2023-11,75,153,2,30,43,2040.0
Dyfed-Powys,2023-12,86,150,0,32,54,1744.19
Essex,2023-01,249,415,4,65,180,1666.67
Essex,2023-02,203,301,0,49,154,1482.76
Essex,2023-03,220,353,3,53,164,1604.55
Essex,2023-04,180,304,4,44,132,1688.89
Essex,2023-05,243,407,2,73,168,1674.9
Essex,2023-06,285,501,6,81,198,1757.89
Essex,2023-07,227,408,5,68,154,1797.36
Essex,2023-08,227,379,4,58,165,1669.6
Essex,2023-09,234,385,3,62,169,1645.3
Essex,2023-10,246,406,4,62,180,1650.41
Essex,2023-11,267,384,1,54,212,1438.2
Essex,2023-12,259,446,5,71,183,1722.01
Gloucestershire,2023-01,85,144,1,25,59,1694.12
Gloucestershire,2023-02,88,185,1,44,43,2102.27
Gloucestershire,2023-03,88,150,0,31,57,1704.55
Gloucestershire,2023-04,73,113,0,20,53,1547.95
Gloucestershire,2023-05,100,185,3,29,68,1850.0
Gloucestershire,2023-06,98,200,4,33,61,2040.82
Gloucestershire,2023-07,106,184,2,30,74,1735.85
Gloucestershire,2023-08,79,132,1,22,56,1670.89
Gloucestershire,2023-09,82,129,1,19,62,1573.17
Gloucestershire,2023-10,102,162,2,21,79,1588.24
Gloucestershire,2023-11,92,142,0,25,67,1543.48
Gloucestershire,2023-12,83,134,1,21,61,1614.46
Greater Manchester,2023-01,227,356,3,51,173,1568.28
Greater Manchester,2023-02,196,329,3,53,140,1678.57
Greater Manchester,2023-03,189,302,3,43,143,1597.88
Greater Manchester,2023-04,182,316,2,58,122,1736.26
Greater Manchester,2023-05,184,320,4,50,130,1739.13
Greater Manchester,2023-06,243,403,4,62,177,1658.44
Greater Manchester,2023-07,232,395,3,68,161,1702.59
Greater Manchester,2023-08,201,374,7,55,139,1860.7
Greater Manchester,2023-09,196,342,2,64,130,1744.9
Greater Manchester,2023-10,213,351,2,60,151,1647.89
Greater Manchester,2023-11,249,428,5,67,177,1718.88
Greater Manchester,2023-12,218,384,6,56,156,1761.47
Gwent,2023-01,54,103,3,11,40,1907.41
Gwent,2023-02,30,50,0,10,20,1666.67
Gwent,2023-03,46,104,4,11,31,2260.87
Gwent,2023-04,53,125,4,18,31,2358.49
Gwent,2023-05,33,65,0,16,17,1969.7
Gwent,2023-06,39,74,1,13,25,1897.44
Gwent,2023-07,47,96,3,11,33,2042.55
Gwent,2023-08,35,74,1,15,19,2114.29
Gwent,2023-09,44,105,3,17,24,2386.36
Gwent,2023-10,37,55,0,9,28,1486.49
Gwent,2023-11,45,85,2,11,32,1888.89
Gwent,2023-12,39,75,2,9,28,1923.08
Hampshire,2023-01,291,449,4,61,226,1542.96
Hampshire,2023-02,265,390,1,58,206,1471.7
Hampshire,2023-03,231,404,7,55,169,1748.92
Hampshire,2023-04,228,344,4,40,184,1508.77
Hampshire,2023-05,318,511,3,83,232,1606.92
Hampshire,2023-06,316,533,5,86,225,1686.71
Hampshire,2023-07,280,425,1,68,211,1517.86
Hampshire,2023-08,264,456,6,69,189,1727.27
Hampshire,2023-09,297,499,4,83,210,1680.13
Hampshire,2023-10,312,477,3,69,240,1528.85
Hampshire,2023-11,282,427,3,59,220,1514.18
Hampshire,2023-12,267,408,3,57,207,1528.09
Hertfordshire,2023-01,164,213,1,20,143,1298.78
Hertfordshire,2023-02,134,197,1,27,106,1470.15
Hertfordshire,2023-03,157,209,0,26,131,1331.21
Hertfordshire,2023-04,119,196,1,34,84,1647.06
Hertfordshire,2023-05,150,229,3,26,121,1526.67
Hertfordshire,2023-06,166,245,3,26,137,1475.9
Hertfordshire,2023-07,162,279,5,36,121,1722.22
Hertfordshire,2023-08,141,274,7,35,99,1943.26
Hertfordshire,2023-09,163,273,6,28,129,1674.85
Hertfordshire,2023-10,159,231,0,36,123,1452.83
Hertfordshire,2023-11,153,218,1,28,124,1424.84
Hertfordshire,2023-12,145,224,1,35,109,1544.83
Humberside,2023-01,169,246,1,34,134,1455.62
Humberside,2023-02,146,230,4,24,118,1575.34
Humberside,2023-03,162,253,3,32,127,1561.73
Humberside,2023-04,139,202,1,27,111,1453.24
Humberside,2023-05,155,226,1,31,123,1458.06
Humberside,2023-06,196,316,2,51,143,1612.24
Humberside,2023-07,170,277,3,40,127,1629.41
Humberside,2023-08,144,222,2,30,112,1541.67
Humberside,2023-09,187,302,5,35,147,1614.97
Humberside,2023-10,161,269,4,36,121,1670.81
Humberside,2023-11,183,299,2,49,132,1633.88
Humberside,2023-12,163,259,4,30,129,1588.96
Kent,2023-01,322,473,3,62,257,1468.94
Kent,2023-02,326,474,4,56,266,1453.99
Kent,2023-03,286,384,0,49,237,1342.66
Kent,2023-04,281,395,0,57,224,1405.69
Kent,2023-05,343,526,3,78,262,1533.53
Kent,2023-06,320,476,2,69,249,1487.5
Kent,2023-07,324,508,8,56,260,1567.9
Kent,2023-08,328,536,6,77,245,1634.15
Kent,2023-09,345,528,7,60,278,1530.43
Kent,2023-10,380,594,6,80,294,1563.16
Kent,2023-11,352,565,3,93,256,1605.11
Kent,2023-12,289,403,2,48,239,1394.46
Lancashire,2023-01,193,316,1,57,135,1637.31
Lancashire,2023-02,179,322,3,58,118,1798.88
Lancashire,2023-03,210,334,2,53,155,1590.48
Lancashire,2023-04,195,349,2,68,125,1789.74
Lancashire,2023-05,228,402,4,69,155,1763.16
Lancashire,2023-06,308,555,5,101,202,1801.95
Lancashire,2023-07,252,408,2,69,181,1619.05
Lancashire,2023-08,235,430,5,75,155,1829.79
Lancashire,2023-09,239,440,7,69,163,1841.0
Lancashire,2023-10,241,440,1,95,145,1825.73
Lancashire,2023-11,266,445,1,85,180,1672.93
Lancashire,2023-12,216,378,2,72,142,1750.0
Leicestershire,2023-01,95,184,5,22,68,1936.84
Leicestershire,2023-02,62,104,2,12,48,1677.42
Leicestershire,2023-03,87,151,2,23,62,1735.63
Leicestershire,2023-04,81,159,4,21,56,1962.96
Leicestershire,2023-05,122,180,0,29,93,1475.41
Leicestershire,2023-06,122,205,3,28,91,1680.33
Leicestershire,2023-07,109,196,3,30,76,1798.17
Leicestershire,2023-08,101,171,2,26,73,1693.07
Leicestershire,2023-09,124,228,6,25,93,1838.71
Leicestershire,2023-10,125,198,3,23,99,1584.0
Leicestershire,2023-11,101,161,2,21,78,1594.06
Leicestershire,2023-12,95,179,4,24,67,1884.21
Lincolnshire,2023-01,122,180,2,20,100,1475.41
Lincolnshire,2023-02,132,193,1,26,105,1462.12
Lincolnshire,2023-03,130,201,3,22,105,1546.15
Lincolnshire,2023-04,132,184,2,17,113,1393.94
Lincolnshire,2023-05,139,242,3,38,98,1741.01
Lincolnshire,2023-06,146,274,8,28,110,1876.71
Lincolnshire,2023-07,145,232,3,30,112,1600.0
Lincolnshire,2023-08,161,273,4,38,119,1695.65
Lincolnshire,2023-09,153,247,6,20,127,1614.38
Lincolnshire,2023-10,136,236,4,32,100,1735.29
Lincolnshire,2023-11,177,274,5,26,146,1548.02
Lincolnshire,2023-12,151,226,3,24,124,1496.69
Merseyside,2023-01,206,326,4,42,160,1582.52
Merseyside,2023-02,137,213,2,29,106,1554.74
Merseyside,2023-03,171,256,1,38,132,1497.08
Merseyside,2023-04,159,268,3,41,115,1685.53
Merseyside,2023-05,214,317,1,47,166,1481.31
Merseyside,2023-06,196,262,0,33,163,1336.73
Merseyside,2023-07,160,234,2,28,130,1462.5
Merseyside,2023-08,158,265,3,40,115,1677.22
Merseyside,2023-09,176,301,3,49,124,1710.23
Merseyside,2023-10,207,304,1,44,162,1468.6
Merseyside,2023-11,162,248,2,34,126,1530.86
Merseyside,2023-12,183,287,4,34,145,1568.31
Metropolitan Police,2023-01,1804,2424,8,274,1522,1343.68
Metropolitan Police,2023-02,1627,2227,10,255,1362,1368.78
Metropolitan Police,2023-03,1875,2457,4,273,1598,1310.4
Metropolitan Police,2023-04,1696,2266,6,258,1432,1336.08
Metropolitan Police,2023-05,2036,2761,13,304,1719,1356.09
Metropolitan Police,2023-06,2210,2943,7,335,1868,1331.67
Metropolitan Police,2023-07,2010,2684,6,310,1694,1335.32
Metropolitan Police,2023-08,1801,2457,10,283,1508,1364.24
Metropolitan Police,2023-09,1918,2573,9,287,1622,1341.5
Metropolitan Police,2023-10,2078,2829,11,326,1741,1361.41
Metropolitan Police,2023-11,1974,2608,8,281,1685,1321.18
Metropolitan Police,2023-12,1711,2330,9,269,1433,1361.78
Norfolk,2023-01,100,195,5,25,70,1950.0
Norfolk,2023-02,80,151,3,22,55,1887.5
Norfolk,2023-03,94,161,3,20,71,1712.77
Norfolk,2023-04,90,151,1,26,63,1677.78
Norfolk,2023-05,103,198,3,34,66,1922.33
Norfolk,2023-06,124,206,2,32,90,1661.29
Norfolk,2023-07,140,236,2,39,99,1685.71
Norfolk,2023-08,150,282,6,39,105,1880.0
Norfolk,2023-09,125,261,4,50,71,2088.0
Norfolk,2023-10,127,209,2,32,93,1645.67
Norfolk,2023-11,116,190,2,28,86,1637.93
Norfolk,2023-12,105,183,2,30,73,1742.86
North Wales,2023-01,56,88,0,16,40,1571.43
North Wales,2023-02,37,63,0,13,24,1702.7
North Wales,2023-03,56,100,2,13,41,1785.71
North Wales,2023-04,67,113,2,14,51,1686.57
North Wales,2023-05,87,181,4,29,54,2080.46
North Wales,2023-06,81,176,5,25,51,2172.84
North Wales,2023-07,83,160,3,25,55,1927.71
North Wales,2023-08,75,151,4,20,51,2013.33
North Wales,2023-09,77,133,2,19,56,1727.27
North Wales,2023-10,62,118,2,19,41,1903.23
North Wales,2023-11,40,74,2,8,30,1850.0
North Wales,2023-12,54,93,1,15,38,1722.22
North Yorkshire,2023-01,119,176,1,24,94,1478.99
North Yorkshire,2023-02,103,158,1,23,79,1533.98
North Yorkshire,2023-03,114,204,4,27,83,1789.47
North Yorkshire,2023-04,111,194,3,28,80,1747.75
North Yorkshire,2023-05,145,224,1,35,109,1544.83
North Yorkshire,2023-06,142,273,7,34,101,1922.54
North Yorkshire,2023-07,137,228,3,32,102,1664.23
North Yorkshire,2023-08,140,273,7,35,98,1950.0
North Yorkshire,2023-09,97,170,3,23,71,1752.58
North Yorkshire,2023-10,122,207,3,29,90,1696.72
North Yorkshire,2023-11,121,205,2,33,86,1694.21
North Yorkshire,2023-12,88,160,4,18,66,1818.18
Northamptonshire,2023-01,109,169,2,21,86,1550.46
Northamptonshire,2023-02,83,140,3,15,65,1686.75
Northamptonshire,2023-03,116,196,4,22,90,1689.66
Northamptonshire,2023-04,94,128,0,17,77,1361.7
Northamptonshire,2023-05,108,178,2,26,80,1648.15
Northamptonshire,2023-06,106,136,0,15,91,1283.02
Northamptonshire,2023-07,98,135,1,14,83,1377.55
Northamptonshire,2023-08,100,155,3,14,83,1550.0
Northamptonshire,2023-09,110,189,5,17,88,1718.18
Northamptonshire,2023-10,101,149,2,15,84,1475.25
Northamptonshire,2023-11,115,186,3,22,90,1617.39
Northamptonshire,2023-12,93,143,2,16,75,1537.63
Northumbria,2023-01,164,268,2,43,119,1634.15
Northumbria,2023-02,125,184,1,25,99,1472.0
Northumbria,2023-03,147,213,2,24,121,1448.98
Northumbria,2023-04,156,252,2,39,115,1615.38
Northumbria,2023-05,131,231,6,23,102,1763.36
Northumbria,2023-06,182,280,2,40,140,1538.46
Northumbria,2023-07,172,276,2,43,127,1604.65
Northumbria,2023-08,156,270,2,48,106,1730.77
Northumbria,2023-09,152,233,1,36,115,1532.89
Northumbria,2023-10,167,266,3,36,128,1592.81
Northumbria,2023-11,178,298,2,51,125,1674.16
Northumbria,2023-12,170,251,3,27,140,1476.47
Nottinghamshire,2023-01,167,262,1,43,123,1568.86
Nottinghamshire,2023-02,150,233,1,37,112,1553.33
Nottinghamshire,2023-03,172,268,4,30,138,1558.14
Nottinghamshire,2023-04,156,232,0,38,118,1487.18
Nottinghamshire,2023-05,157,260,3,38,116,1656.05
Nottinghamshire,2023-06,166,300,2,58,106,1807.23
Nottinghamshire,2023-07,199,334,3,54,142,1678.39
Nottinghamshire,2023-08,137,223,0,43,94,1627.74
Nottinghamshire,2023-09,187,323,4,50,133,1727.27
Nottinghamshire,2023-10,185,293,2,45,138,1583.78
Nottinghamshire,2023-11,192,283,1,41,150,1473.96
Nottinghamshire,2023-12,154,262,6,27,121,1701.3
Police Scotland,2023-01,346,730,12,138,196,2109.83
Police Scotland,2023-02,300,625,11,113,176,2083.33
Police Scotland,2023-03,343,704,11,131,201,2052.48
Police Scotland,2023-04,314,657,9,131,174,2092.36
Police Scotland,2023-05,365,760,11,148,206,2082.19
Police Scotland,2023-06,390,818,12,160,218,2097.44
Police Scotland,2023-07,346,765,13,151,182,2210.98
Police Scotland,2023-08,368,801,17,140,211,2176.63
Police Scotland,2023-09,352,784,14,153,185,2227.27
Police Scotland,2023-10,341,721,12,136,193,2114.37
Police Scotland,2023-11,363,697,8,131,224,1920.11
Police Scotland,2023-12,404,887,19,156,229,2195.54
South Wales,2023-01,84,113,1,10,73,1345.24
South Wales,2023-02,67,83,0,8,59,1238.81
South Wales,2023-03,82,111,1,10,71,1353.66
South Wales,2023-04,74,103,1,10,63,1391.89
South Wales,2023-05,104,162,4,11,89,1557.69
South Wales,2023-06,71,96,1,8,62,1352.11
South Wales,2023-07,87,140,3,13,71,1609.2
South Wales,2023-08,86,116,0,15,71,1348.84
South Wales,2023-09,93,153,2,21,70,1645.16
South Wales,2023-10,74,122,2,15,57,1648.65
South Wales,2023-11,65,104,1,15,49,1600.0
South Wales,2023-12,65,150,7,11,47,2307.69
South Yorkshire,2023-01,201,356,5,55,141,1771.14
South Yorkshire,2023-02,167,281,4,39,124,1682.63
South Yorkshire,2023-03,186,339,3,63,120,1822.58
South Yorkshire,2023-04,147,277,4,47,96,1884.35
South Yorkshire,2023-05,187,337,2,66,119,1802.14
South Yorkshire,2023-06,210,347,1,64,145,1652.38
South Yorkshire,2023-07,191,366,3,74,114,1916.23
South Yorkshire,2023-08,149,268,3,46,100,1798.66
South Yorkshire,2023-09,179,333,2,68,109,1860.34
South Yorkshire,2023-10,183,309,2,54,127,1688.52
South Yorkshire,2023-11,198,373,7,56,135,1883.84
South Yorkshire,2023-12,189,341,2,67,120,1804.23
Staffordshire,2023-01,50,112,4,13,33,2240.0
Staffordshire,2023-02,53,77,0,12,41,1452.83
Staffordshire,2023-03,57,120,3,18,36,2105.26
Staffordshire,2023-04,58,104,2,14,42,1793.1
Staffordshire,2023-05,80,174,6,20,54,2175.0
Staffordshire,2023-06,72,131,3,16,53,1819.44
Staffordshire,2023-07,101,156,1,23,77,1544.55
Staffordshire,2023-08,83,140,1,24,58,1686.75
Staffordshire,2023-09,73,131,2,20,51,1794.52
Staffordshire,2023-10,87,193,6,26,55,2218.39
Staffordshire,2023-11,97,183,4,25,68,1886.6
Staffordshire,2023-12,72,192,10,15,47,2666.67
Suffolk,2023-01,80,135,1,23,56,1687.5
Suffolk,2023-02,68,106,0,19,49,1558.82
Suffolk,2023-03,60,99,1,15,44,1650.0
Suffolk,2023-04,57,110,3,13,41,1929.82
Suffolk,2023-05,70,146,4,20,46,2085.71
Suffolk,2023-06,97,168,3,22,72,1731.96
Suffolk,2023-07,78,152,2,28,48,1948.72
Suffolk,2023-08,98,178,2,31,65,1816.33
Suffolk,2023-09,84,133,1,20,63,1583.33
Suffolk,2023-10,72,116,0,22,50,1611.11
Suffolk,2023-11,73,106,1,12,60,1452.05
Suffolk,2023-12,93,149,2,19,72,1602.15
Surrey,2023-01,245,356,1,51,193,1453.06
Surrey,2023-02,184,307,1,57,126,1668.48
Surrey,2023-03,198,301,3,38,157,1520.2
Surrey,2023-04,203,331,2,55,146,1630.54
Surrey,2023-05,236,393,3,65,168,1665.25
Surrey,2023-06,257,391,2,58,197,1521.4
Surrey,2023-07,240,377,1,64,175,1570.83
Surrey,2023-08,220,317,1,44,175,1440.91
Surrey,2023-09,237,383,4,55,178,1616.03
Surrey,2023-10,255,407,2,67,186,1596.08
Surrey,2023-11,251,378,1,59,191,1505.98
Surrey,2023-12,214,327,1,52,161,1528.04
Sussex,2023-01,299,481,4,73,222,1608.7
Sussex,2023-02,231,382,5,53,173,1653.68
Sussex,2023-03,272,393,1,56,215,1444.85
Sussex,2023-04,282,431,1,70,211,1528.37
Sussex,2023-05,315,512,5,76,234,1625.4
Sussex,2023-06,314,496,2,82,230,1579.62
Sussex,2023-07,314,515,3,87,224,1640.13
Sussex,2023-08,275,429,2,68,205,1560.0
Sussex,2023-09,323,548,3,99,221,1696.59
Sussex,2023-10,320,530,4,87,229,1656.25
Sussex,2023-11,325,544,5,87,233,1673.85
Sussex,2023-12,264,442,4,71,189,1674.24
Thames Valley,2023-01,290,435,5,50,235,1500.0
Thames Valley,2023-02,223,326,1,47,175,1461.88
Thames Valley,2023-03,268,400,4,48,216,1492.54
Thames Valley,2023-04,222,309,3,30,189,1391.89
Thames Valley,2023-05,277,467,10,50,217,1685.92
Thames Valley,2023-06,266,423,3,65,198,1590.23
Thames Valley,2023-07,235,334,1,45,189,1421.28
Thames Valley,2023-08,230,362,2,57,171,1573.91
Thames Valley,2023-09,260,406,4,55,201,1561.54
Thames Valley,2023-10,236,337,1,46,189,1427.97
Thames Valley,2023-11,255,415,4,62,189,1627.45
Thames Valley,2023-12,186,274,2,35,149,1473.12
Warwickshire,2023-01,84,150,2,24,58,1785.71
Warwickshire,2023-02,77,122,1,18,58,1584.42
Warwickshire,2023-03,66,90,0,12,54,1363.64
Warwickshire,2023-04,74,118,2,13,59,1594.59
Warwickshire,2023-05,81,143,2,22,57,1765.43
Warwickshire,2023-06,94,181,5,21,68,1925.53
Warwickshire,2023-07,91,181,4,27,60,1989.01
Warwickshire,2023-08,72,119,1,19,52,1652.78
Warwickshire,2023-09,92,145,1,22,69,1576.09
Warwickshire,2023-10,83,164,5,18,60,1975.9
Warwickshire,2023-11,93,144,3,12,78,1548.39
Warwickshire,2023-12,87,132,1,18,68,1517.24
West Mercia,2023-01,122,213,5,23,94,1745.9
West Mercia,2023-02,98,175,3,25,70,1785.71
West Mercia,2023-03,118,216,4,31,83,1830.51
West Mercia,2023-04,101,159,2,20,79,1574.26
West Mercia,2023-05,111,217,6,26,79,1954.95
West Mercia,2023-06,129,226,1,44,84,1751.94
West Mercia,2023-07,126,218,4,28,94,1730.16
West Mercia,2023-08,115,255,8,34,73,2217.39
West Mercia,2023-09,135,243,2,45,88,1800.0
West Mercia,2023-10,140,269,7,33,100,1921.43
West Mercia,2023-11,132,273,5,48,79,2068.18
West Mercia,2023-12,122,224,4,33,85,1836.07
West Midlands,2023-01,437,627,2,86,349,1434.78
West Midlands,2023-02,352,460,0,54,298,1306.82
West Midlands,2023-03,383,514,3,52,328,1342.04
West Midlands,2023-04,391,585,2,88,301,1496.16
West Midlands,2023-05,387,624,9,78,300,1612.4
West Midlands,2023-06,407,596,3,81,323,1464.37
West Midlands,2023-07,422,623,3,87,332,1476.3
West Midlands,2023-08,349,519,2,76,271,1487.11
West Midlands,2023-09,412,648,4,100,308,1572.82
West Midlands,2023-10,394,591,5,76,313,1500.0
West Midlands,2023-11,388,593,3,89,296,1528.35
West Midlands,2023-12,366,556,6,68,292,1519.13
West Yorkshire,2023-01,347,607,6,103,238,1749.28
West Yorkshire,2023-02,315,579,6,105,204,1838.1
West Yorkshire,2023-03,316,518,2,92,222,1639.24
West Yorkshire,2023-04,352,577,3,99,250,1639.2
West Yorkshire,2023-05,390,653,5,109,276,1674.36
West Yorkshire,2023-06,402,686,2,133,267,1706.47
West Yorkshire,2023-07,343,558,3,94,246,1626.82
West Yorkshire,2023-08,286,483,5,76,205,1688.81
West Yorkshire,2023-09,374,609,3,104,267,1628.34
West Yorkshire,2023-10,350,583,3,103,244,1665.71
West Yorkshire,2023-11,394,643,3,111,280,1631.98
West Yorkshire,2023-12,378,661,7,110,261,1748.68
Wiltshire,2023-01,120,149,1,10,109,1241.67
Wiltshire,2023-02,133,205,4,18,111,1541.35
Wiltshire,2023-03,95,129,0,17,78,1357.89
Wiltshire,2023-04,106,151,1,18,87,1424.53
Wiltshire,2023-05,117,175,2,20,95,1495.73
Wiltshire,2023-06,120,178,2,20,98,1483.33
Wiltshire,2023-07,113,171,2,20,91,1513.27
Wiltshire,2023-08,97,153,2,19,76,1577.32
Wiltshire,2023-09,118,154,0,18,100,1305.08
Wiltshire,2023-10,123,171,2,15,106,1390.24
Wiltshire,2023-11,108,163,3,14,91,1509.26
Wiltshire,2023-12,103,156,3,13,87,1514.56
